{
 "all_lowercase": {
  "deepseek-v4-flash": {
   "acc": 0.5444444444444444,
   "ci_lo": 0.4928002134083021,
   "ci_hi": 0.595150181534925,
   "parse_fail_rate": 0.0,
   "n": 360
  },
  "Qwen2.5-7B-Instruct": {
   "acc": 0.5694444444444444,
   "ci_lo": 0.5178277001150945,
   "ci_hi": 0.619594791983698,
   "parse_fail_rate": 0.0,
   "n": 360
  },
  "claude-opus-4-8": {
   "acc": 0.7166666666666667,
   "ci_lo": 0.6680206458887417,
   "ci_hi": 0.7607375294594911,
   "parse_fail_rate": 0.025,
   "n": 360
  }
 },
 "contains_comparative": {
  "deepseek-v4-flash": {
   "acc": 0.9138888888888889,
   "ci_lo": 0.8803647401098078,
   "ci_hi": 0.9386733127989959,
   "parse_fail_rate": 0.0,
   "n": 360
  },
  "Qwen2.5-7B-Instruct": {
   "acc": 0.7416666666666667,
   "ci_lo": 0.6940662219542675,
   "ci_hi": 0.7841640505495306,
   "parse_fail_rate": 0.0,
   "n": 360
  },
  "claude-opus-4-8": {
   "acc": 0.9972222222222222,
   "ci_lo": 0.9844355578194421,
   "ci_hi": 0.9995094856079123,
   "parse_fail_rate": 0.0,
   "n": 360
  }
 },
 "contains_digit": {
  "deepseek-v4-flash": {
   "acc": 0.9194444444444444,
   "ci_lo": 0.8867032329434203,
   "ci_hi": 0.9433286193332866,
   "parse_fail_rate": 0.0,
   "n": 360
  },
  "Qwen2.5-7B-Instruct": {
   "acc": 0.5722222222222222,
   "ci_lo": 0.5206165614240552,
   "ci_hi": 0.622302830358689,
   "parse_fail_rate": 0.0,
   "n": 360
  },
  "claude-opus-4-8": {
   "acc": 1.0,
   "ci_lo": 0.9894419431113063,
   "ci_hi": 0.9999999999999999,
   "parse_fail_rate": 0.0,
   "n": 360
  }
 },
 "contains_exclamation": {
  "deepseek-v4-flash": {
   "acc": 0.85,
   "ci_lo": 0.8094291103638211,
   "ci_hi": 0.8831802498140933,
   "parse_fail_rate": 0.0,
   "n": 360
  },
  "Qwen2.5-7B-Instruct": {
   "acc": 0.5444444444444444,
   "ci_lo": 0.4928002134083021,
   "ci_hi": 0.595150181534925,
   "parse_fail_rate": 0.0,
   "n": 360
  },
  "claude-opus-4-8": {
   "acc": 0.8888888888888888,
   "ci_lo": 0.8522310262304299,
   "ci_hi": 0.9173349295228083,
   "parse_fail_rate": 0.022222222222222223,
   "n": 360
  }
 },
 "contains_letter_z": {
  "deepseek-v4-flash": {
   "acc": 0.6305555555555555,
   "ci_lo": 0.579564092154814,
   "ci_hi": 0.6787901929909159,
   "parse_fail_rate": 0.0,
   "n": 360
  },
  "Qwen2.5-7B-Instruct": {
   "acc": 0.6083333333333333,
   "ci_lo": 0.5570207094094772,
   "ci_hi": 0.657358378264639,
   "parse_fail_rate": 0.0,
   "n": 360
  },
  "claude-opus-4-8": {
   "acc": 0.6472222222222223,
   "ci_lo": 0.596544619463792,
   "ci_hi": 0.6947910637856483,
   "parse_fail_rate": 0.027777777777777776,
   "n": 360
  }
 },
 "contains_number_gt_50": {
  "deepseek-v4-flash": {
   "acc": 0.6166666666666667,
   "ci_lo": 0.5654616545024156,
   "ci_hi": 0.6654081322235559,
   "parse_fail_rate": 0.0,
   "n": 360
  },
  "Qwen2.5-7B-Instruct": {
   "acc": 0.475,
   "ci_lo": 0.42395133009986397,
   "ci_hi": 0.5265765727445707,
   "parse_fail_rate": 0.0,
   "n": 360
  },
  "claude-opus-4-8": {
   "acc": 0.7305555555555555,
   "ci_lo": 0.6824681113183343,
   "ci_hi": 0.7737745624496569,
   "parse_fail_rate": 0.225,
   "n": 360
  }
 },
 "double_letter_word": {
  "deepseek-v4-flash": {
   "acc": 0.6277777777777778,
   "ci_lo": 0.5767401511613034,
   "ci_hi": 0.676117234300475,
   "parse_fail_rate": 0.0,
   "n": 360
  },
  "Qwen2.5-7B-Instruct": {
   "acc": 0.6138888888888889,
   "ci_lo": 0.5626463103263553,
   "ci_hi": 0.6627265767156647,
   "parse_fail_rate": 0.0,
   "n": 360
  },
  "claude-opus-4-8": {
   "acc": 0.6083333333333333,
   "ci_lo": 0.5570207094094772,
   "ci_hi": 0.657358378264639,
   "parse_fail_rate": 0.041666666666666664,
   "n": 360
  }
 },
 "exactly_two_commas": {
  "deepseek-v4-flash": {
   "acc": 0.6666666666666666,
   "ci_lo": 0.6164370892983055,
   "ci_hi": 0.7133768917387966,
   "parse_fail_rate": 0.0,
   "n": 360
  },
  "Qwen2.5-7B-Instruct": {
   "acc": 0.5555555555555556,
   "ci_lo": 0.5039075468212766,
   "ci_hi": 0.6060304468577575,
   "parse_fail_rate": 0.0,
   "n": 360
  },
  "claude-opus-4-8": {
   "acc": 0.8333333333333334,
   "ci_lo": 0.7913590381730007,
   "ci_hi": 0.8682689239012036,
   "parse_fail_rate": 0.06388888888888888,
   "n": 360
  }
 },
 "first_last_same_letter": {
  "deepseek-v4-flash": {
   "acc": 0.48333333333333334,
   "ci_lo": 0.432161346819527,
   "ci_hi": 0.5348572550767627,
   "parse_fail_rate": 0.0,
   "n": 360
  },
  "Qwen2.5-7B-Instruct": {
   "acc": 0.5083333333333333,
   "ci_lo": 0.4568762073788301,
   "ci_hi": 0.5596144916730248,
   "parse_fail_rate": 0.0,
   "n": 360
  },
  "claude-opus-4-8": {
   "acc": 0.025,
   "ci_lo": 0.013207232597581851,
   "ci_hi": 0.046822921446676984,
   "parse_fail_rate": 0.9555555555555556,
   "n": 360
  }
 },
 "imperative": {
  "deepseek-v4-flash": {
   "acc": 0.9305555555555556,
   "ci_lo": 0.8994965889382537,
   "ci_hi": 0.9525228620742602,
   "parse_fail_rate": 0.0,
   "n": 360
  },
  "Qwen2.5-7B-Instruct": {
   "acc": 0.5444444444444444,
   "ci_lo": 0.4928002134083021,
   "ci_hi": 0.595150181534925,
   "parse_fail_rate": 0.0,
   "n": 360
  },
  "claude-opus-4-8": {
   "acc": 0.9611111111111111,
   "ci_lo": 0.935789670280081,
   "ci_hi": 0.9766956772559017,
   "parse_fail_rate": 0.0,
   "n": 360
  }
 },
 "past_tense": {
  "deepseek-v4-flash": {
   "acc": 0.6305555555555555,
   "ci_lo": 0.579564092154814,
   "ci_hi": 0.6787901929909159,
   "parse_fail_rate": 0.0,
   "n": 360
  },
  "Qwen2.5-7B-Instruct": {
   "acc": 0.5194444444444445,
   "ci_lo": 0.4679013995225557,
   "ci_hi": 0.5705768982651064,
   "parse_fail_rate": 0.0,
   "n": 360
  },
  "claude-opus-4-8": {
   "acc": 0.9722222222222222,
   "ci_lo": 0.9496299288089346,
   "ci_hi": 0.9848430174628547,
   "parse_fail_rate": 0.0,
   "n": 360
  }
 },
 "physically_impossible": {
  "deepseek-v4-flash": {
   "acc": 0.7916666666666666,
   "ci_lo": 0.7467443236444321,
   "ci_hi": 0.8304301431704967,
   "parse_fail_rate": 0.0,
   "n": 360
  },
  "Qwen2.5-7B-Instruct": {
   "acc": 0.5222222222222223,
   "ci_lo": 0.4706616266057041,
   "ci_hi": 0.5733135708659095,
   "parse_fail_rate": 0.0,
   "n": 360
  },
  "claude-opus-4-8": {
   "acc": 0.9611111111111111,
   "ci_lo": 0.935789670280081,
   "ci_hi": 0.9766956772559017,
   "parse_fail_rate": 0.0,
   "n": 360
  }
 },
 "question_word_order": {
  "deepseek-v4-flash": {
   "acc": 0.85,
   "ci_lo": 0.8094291103638211,
   "ci_hi": 0.8831802498140933,
   "parse_fail_rate": 0.0,
   "n": 360
  },
  "Qwen2.5-7B-Instruct": {
   "acc": 0.5361111111111111,
   "ci_lo": 0.4844863922928375,
   "ci_hi": 0.5869733035985345,
   "parse_fail_rate": 0.0,
   "n": 360
  },
  "claude-opus-4-8": {
   "acc": 0.9555555555555556,
   "ci_lo": 0.9290311350214198,
   "ci_hi": 0.9724604131466594,
   "parse_fail_rate": 0.0,
   "n": 360
  }
 },
 "repeated_content_word": {
  "deepseek-v4-flash": {
   "acc": 0.8916666666666667,
   "ci_lo": 0.8553292667869178,
   "ci_hi": 0.9197335886502723,
   "parse_fail_rate": 0.0,
   "n": 360
  },
  "Qwen2.5-7B-Instruct": {
   "acc": 0.7444444444444445,
   "ci_lo": 0.6969715092171664,
   "ci_hi": 0.7867556629705834,
   "parse_fail_rate": 0.0,
   "n": 360
  },
  "claude-opus-4-8": {
   "acc": 0.9916666666666667,
   "ci_lo": 0.9757892964950321,
   "ci_hi": 0.9971619475644193,
   "parse_fail_rate": 0.0,
   "n": 360
  }
 },
 "title_case": {
  "deepseek-v4-flash": {
   "acc": 0.725,
   "ci_lo": 0.6766825620663512,
   "ci_hi": 0.7685663123337365,
   "parse_fail_rate": 0.0,
   "n": 360
  },
  "Qwen2.5-7B-Instruct": {
   "acc": 0.5833333333333334,
   "ci_lo": 0.5317882359812938,
   "ci_hi": 0.6331187545372574,
   "parse_fail_rate": 0.0,
   "n": 360
  },
  "claude-opus-4-8": {
   "acc": 0.9777777777777777,
   "ci_lo": 0.9567691737312188,
   "ci_hi": 0.988697571908474,
   "parse_fail_rate": 0.002777777777777778,
   "n": 360
  }
 }
}