{
  "mode": "full",
  "model": "gpt-4.1",
  "rules": {
    "physically_impossible_divergence": {
      "contexts": [
        {
          "context_index": 0,
          "context_seed": 0,
          "n": 120,
          "n_correct": 83,
          "accuracy": 0.6916666666666667,
          "wilson_ci_95": [
            0.6041700227619933,
            0.767272630110837
          ],
          "n_parse_failures": 0,
          "format_ok_rate": 1.0,
          "mean_logprob_margin": 17.971835606285165,
          "n_with_margin": 119,
          "per_class": {
            "true": {
              "n": 60,
              "n_correct": 57,
              "accuracy": 0.95
            },
            "false": {
              "n": 60,
              "n_correct": 26,
              "accuracy": 0.43333333333333335
            }
          },
          "predictions": {
            "true": 91,
            "false": 29,
            "parse_failure": 0
          }
        },
        {
          "context_index": 1,
          "context_seed": 1,
          "n": 120,
          "n_correct": 94,
          "accuracy": 0.7833333333333333,
          "wilson_ci_95": [
            0.7014563746709164,
            0.8476327643584851
          ],
          "n_parse_failures": 0,
          "format_ok_rate": 1.0,
          "mean_logprob_margin": 17.82841795499117,
          "n_with_margin": 120,
          "per_class": {
            "true": {
              "n": 60,
              "n_correct": 59,
              "accuracy": 0.9833333333333333
            },
            "false": {
              "n": 60,
              "n_correct": 35,
              "accuracy": 0.5833333333333334
            }
          },
          "predictions": {
            "true": 84,
            "false": 36,
            "parse_failure": 0
          }
        },
        {
          "context_index": 2,
          "context_seed": 2,
          "n": 120,
          "n_correct": 101,
          "accuracy": 0.8416666666666667,
          "wilson_ci_95": [
            0.7659066765413198,
            0.8962302264058994
          ],
          "n_parse_failures": 0,
          "format_ok_rate": 1.0,
          "mean_logprob_margin": 21.18271483921846,
          "n_with_margin": 120,
          "per_class": {
            "true": {
              "n": 60,
              "n_correct": 53,
              "accuracy": 0.8833333333333333
            },
            "false": {
              "n": 60,
              "n_correct": 48,
              "accuracy": 0.8
            }
          },
          "predictions": {
            "true": 65,
            "false": 55,
            "parse_failure": 0
          }
        }
      ],
      "pooled": {
        "n_contexts": 3,
        "n_items": 120,
        "mean_accuracy": 0.7722222222222221,
        "n_parse_failures": 0,
        "cluster_bootstrap_ci_95": [
          0.7083333333333334,
          0.8333333333333334
        ]
      }
    },
    "second_word_capitalized_divergence": {
      "contexts": [
        {
          "context_index": 0,
          "context_seed": 0,
          "n": 120,
          "n_correct": 26,
          "accuracy": 0.21666666666666667,
          "wilson_ci_95": [
            0.152367235641515,
            0.29854362532908374
          ],
          "n_parse_failures": 0,
          "format_ok_rate": 1.0,
          "mean_logprob_margin": 19.801843472024007,
          "n_with_margin": 114,
          "per_class": {
            "true": {
              "n": 60,
              "n_correct": 1,
              "accuracy": 0.016666666666666666
            },
            "false": {
              "n": 60,
              "n_correct": 25,
              "accuracy": 0.4166666666666667
            }
          },
          "predictions": {
            "true": 36,
            "false": 84,
            "parse_failure": 0
          }
        },
        {
          "context_index": 1,
          "context_seed": 1,
          "n": 120,
          "n_correct": 0,
          "accuracy": 0.0,
          "wilson_ci_95": [
            0.0,
            0.031019166418703486
          ],
          "n_parse_failures": 0,
          "format_ok_rate": 1.0,
          "mean_logprob_margin": 18.526675097346395,
          "n_with_margin": 111,
          "per_class": {
            "true": {
              "n": 60,
              "n_correct": 0,
              "accuracy": 0.0
            },
            "false": {
              "n": 60,
              "n_correct": 0,
              "accuracy": 0.0
            }
          },
          "predictions": {
            "true": 60,
            "false": 60,
            "parse_failure": 0
          }
        },
        {
          "context_index": 2,
          "context_seed": 2,
          "n": 120,
          "n_correct": 21,
          "accuracy": 0.175,
          "wilson_ci_95": [
            0.11740535944566463,
            0.25275709872649266
          ],
          "n_parse_failures": 0,
          "format_ok_rate": 1.0,
          "mean_logprob_margin": 18.179158137118186,
          "n_with_margin": 107,
          "per_class": {
            "true": {
              "n": 60,
              "n_correct": 0,
              "accuracy": 0.0
            },
            "false": {
              "n": 60,
              "n_correct": 21,
              "accuracy": 0.35
            }
          },
          "predictions": {
            "true": 39,
            "false": 81,
            "parse_failure": 0
          }
        }
      ],
      "pooled": {
        "n_contexts": 3,
        "n_items": 120,
        "mean_accuracy": 0.13055555555555556,
        "n_parse_failures": 0,
        "cluster_bootstrap_ci_95": [
          0.08888888888888889,
          0.17500000000000002
        ]
      }
    },
    "word_count_geq_8_divergence": {
      "contexts": [
        {
          "context_index": 0,
          "context_seed": 0,
          "n": 120,
          "n_correct": 67,
          "accuracy": 0.5583333333333333,
          "wilson_ci_95": [
            0.4690452309131966,
            0.6440025330046214
          ],
          "n_parse_failures": 0,
          "format_ok_rate": 1.0,
          "mean_logprob_margin": 9.194205714121773,
          "n_with_margin": 120,
          "per_class": {
            "true": {
              "n": 60,
              "n_correct": 20,
              "accuracy": 0.3333333333333333
            },
            "false": {
              "n": 60,
              "n_correct": 47,
              "accuracy": 0.7833333333333333
            }
          },
          "predictions": {
            "true": 33,
            "false": 87,
            "parse_failure": 0
          }
        },
        {
          "context_index": 1,
          "context_seed": 1,
          "n": 120,
          "n_correct": 52,
          "accuracy": 0.43333333333333335,
          "wilson_ci_95": [
            0.34810176437788437,
            0.5227007911446095
          ],
          "n_parse_failures": 0,
          "format_ok_rate": 1.0,
          "mean_logprob_margin": 12.527441395915865,
          "n_with_margin": 120,
          "per_class": {
            "true": {
              "n": 60,
              "n_correct": 3,
              "accuracy": 0.05
            },
            "false": {
              "n": 60,
              "n_correct": 49,
              "accuracy": 0.8166666666666667
            }
          },
          "predictions": {
            "true": 14,
            "false": 106,
            "parse_failure": 0
          }
        },
        {
          "context_index": 2,
          "context_seed": 2,
          "n": 120,
          "n_correct": 41,
          "accuracy": 0.3416666666666667,
          "wilson_ci_95": [
            0.26290438368564517,
            0.4302516856802777
          ],
          "n_parse_failures": 0,
          "format_ok_rate": 1.0,
          "mean_logprob_margin": 10.29309894073966,
          "n_with_margin": 120,
          "per_class": {
            "true": {
              "n": 60,
              "n_correct": 2,